drug_name,batch_id,manufacturer,manufacture_date,expiry_date,quantity_received,current_stock,reorder_point,unit_price,region,cold_chain_required
Metformin,MET-2024-001,CarePlus Inc,2022-09-07,2023-09-07,8000,1802,966,46.92,South,No
Paracetamol,PAR-2024-001,PharmaPlus Ltd,2022-10-22,2024-04-14,1000,590,84,26.74,North,No
Amlodipine,AML-2023-001,Vitalis Pharma,2024-08-21,2025-08-21,2000,374,280,34.54,Central,No
Ciprofloxacin,CIP-2025-001,Sunrise Biotech,2023-06-06,2024-06-05,8000,4855,745,60.4,North,No
Atorvastatin,ATO-2025-001,MediCore Labs,2025-03-13,2028-03-12,3000,1567,433,80.68,North,No
Insulin,INS-2023-001,Vitalis Pharma,2024-02-05,2027-02-04,3000,2200,300,382.1,South,Yes
Azithromycin,AZI-2024-001,MediCore Labs,2024-05-01,2025-10-23,5000,2436,736,41.55,Central,No
Metformin,MET-2025-002,PharmaPlus Ltd,2024-12-21,2025-12-21,1000,905,113,43.97,East,No
Salbutamol,SAL-2025-001,Vitalis Pharma,2024-11-29,2026-11-29,10000,4586,1268,81.61,East,Yes
Omeprazole,OME-2023-001,Vitalis Pharma,2023-01-26,2026-01-25,1000,324,100,61.68,East,Yes
Cetirizine,CET-2023-001,MediCore Labs,2024-12-06,2027-12-06,8000,2978,716,22.64,West,No
Salbutamol,SAL-2024-002,CarePlus Inc,2024-07-19,2026-01-10,2000,432,181,98.78,West,Yes
Paracetamol,PAR-2025-002,MediCore Labs,2023-11-21,2025-11-20,1000,266,117,27.07,West,No
Insulin,INS-2025-002,CarePlus Inc,2022-09-19,2025-09-18,10000,7882,1074,326.3,Central,Yes
Azithromycin,AZI-2025-002,PharmaPlus Ltd,2022-10-06,2024-03-29,1000,937,110,41.98,West,No
Azithromycin,AZI-2025-003,MediCore Labs,2025-06-03,2026-06-03,3000,1922,254,43.31,North,Yes
Insulin,INS-2024-003,Vitalis Pharma,2024-06-15,2027-06-15,1000,242,114,381.87,East,Yes
Omeprazole,OME-2024-002,ABC Pharma,2023-03-23,2024-03-22,10000,4241,985,63.18,West,No
Ciprofloxacin,CIP-2023-002,Vitalis Pharma,2024-06-10,2025-12-02,10000,5845,818,68.8,North,No
Salbutamol,SAL-2025-003,Sunrise Biotech,2023-05-09,2025-05-08,2000,1152,269,89.9,East,Yes
Amoxicillin,AMO-2023-001,MediCore Labs,2024-08-29,2026-02-20,2000,1128,209,54.52,Central,No
Ibuprofen,IBU-2024-001,MediCore Labs,2024-05-06,2027-05-06,10000,9404,1468,30.28,West,No
Azithromycin,AZI-2024-004,MediCore Labs,2024-04-22,2025-10-14,5000,3246,715,51.85,South,Yes
Amlodipine,AML-2025-002,ABC Pharma,2023-02-01,2026-01-31,10000,7501,1134,33.37,East,No
Azithromycin,AZI-2024-005,PharmaPlus Ltd,2022-11-21,2024-05-14,2000,1888,163,48.48,West,Yes
Amlodipine,AML-2025-003,Vitalis Pharma,2025-01-27,2027-01-27,2000,1177,178,31.65,South,No
Ciprofloxacin,CIP-2024-003,MediCore Labs,2023-08-07,2024-08-06,3000,960,345,73.39,South,No
Ibuprofen,IBU-2024-002,MediCore Labs,2022-10-03,2024-10-02,5000,3399,685,31.65,Central,No
Ciprofloxacin,CIP-2025-004,Vitalis Pharma,2022-07-09,2025-07-08,2000,1273,268,61.42,South,No
Omeprazole,OME-2025-003,ABC Pharma,2022-10-05,2024-10-04,10000,5646,1188,62.44,Central,No
Ciprofloxacin,CIP-2023-005,MediCore Labs,2023-12-20,2024-12-19,1000,556,119,73.32,North,No
Omeprazole,OME-2025-004,Vitalis Pharma,2025-04-14,2026-10-06,10000,3717,1155,62.82,East,No
Salbutamol,SAL-2024-004,Vitalis Pharma,2023-07-20,2026-07-19,2000,966,214,89.53,Central,Yes
Amlodipine,AML-2024-004,ABC Pharma,2023-08-10,2025-08-09,1000,867,90,39.02,South,No
Insulin,INS-2023-004,PharmaPlus Ltd,2023-08-24,2024-08-23,5000,4289,456,352.11,East,Yes
Amoxicillin,AMO-2025-002,PharmaPlus Ltd,2025-04-21,2028-04-20,3000,1461,314,55.66,South,No
Paracetamol,PAR-2025-003,PharmaPlus Ltd,2024-11-19,2025-11-19,5000,2075,618,26.34,East,No
Azithromycin,AZI-2023-006,ABC Pharma,2023-11-26,2025-11-25,1000,874,92,50.7,South,Yes
Amlodipine,AML-2024-005,MediCore Labs,2025-06-03,2028-06-02,10000,4116,995,39.9,East,No
Cetirizine,CET-2024-002,ABC Pharma,2022-11-29,2024-11-28,1000,636,95,21.55,North,No
Omeprazole,OME-2024-005,Vitalis Pharma,2024-10-03,2026-10-03,8000,2027,935,53.43,North,No
Insulin,INS-2023-005,MediCore Labs,2023-07-19,2025-07-18,10000,3940,1331,315.84,East,Yes
Ciprofloxacin,CIP-2024-006,Sunrise Biotech,2022-07-08,2024-07-07,1000,162,131,69.25,South,No
Ciprofloxacin,CIP-2023-007,PharmaPlus Ltd,2023-01-04,2026-01-03,10000,5460,1384,66.17,West,No
Salbutamol,SAL-2023-005,Sunrise Biotech,2023-07-12,2025-01-02,5000,4707,743,103.6,South,Yes
Paracetamol,PAR-2025-004,CarePlus Inc,2023-11-06,2026-11-05,2000,388,253,25.36,North,No
Atorvastatin,ATO-2025-002,Sunrise Biotech,2022-09-01,2025-08-31,2000,552,222,78.32,South,No
Ciprofloxacin,CIP-2023-008,ABC Pharma,2024-02-24,2025-08-17,3000,889,310,60.14,East,No
Ciprofloxacin,CIP-2023-009,Vitalis Pharma,2022-06-11,2023-06-11,3000,2410,270,69.94,South,Yes
Paracetamol,PAR-2024-005,CarePlus Inc,2023-09-20,2024-09-19,8000,7328,1117,23.66,East,Yes
Metformin,MET-2023-003,Sunrise Biotech,2023-03-24,2024-03-23,10000,8635,1239,44.81,West,No
Ciprofloxacin,CIP-2025-010,ABC Pharma,2023-09-14,2024-09-13,1000,183,124,77.21,Central,Yes
Omeprazole,OME-2023-006,CarePlus Inc,2022-07-09,2023-12-31,5000,1805,559,50.66,Central,No
Amlodipine,AML-2023-006,CarePlus Inc,2025-01-26,2027-01-26,1000,826,96,39.44,Central,No
Salbutamol,SAL-2024-006,PharmaPlus Ltd,2022-11-05,2025-11-04,10000,3798,832,98.09,West,Yes
Amoxicillin,AMO-2025-003,MediCore Labs,2024-04-10,2026-04-10,10000,7445,1013,64.22,North,No
Omeprazole,OME-2024-007,Sunrise Biotech,2022-12-21,2024-06-13,10000,5416,1296,54.21,North,Yes
Omeprazole,OME-2025-008,MediCore Labs,2024-02-29,2025-02-28,5000,820,560,63.03,North,Yes
Ibuprofen,IBU-2023-003,MediCore Labs,2022-10-31,2023-10-31,2000,1495,196,30.24,West,No
Azithromycin,AZI-2023-007,PharmaPlus Ltd,2025-02-20,2028-02-20,1000,277,146,49.7,East,Yes
Ibuprofen,IBU-2024-004,Sunrise Biotech,2024-07-10,2026-07-10,1000,822,80,33.76,South,Yes
Azithromycin,AZI-2025-008,ABC Pharma,2024-01-15,2026-01-14,3000,605,321,52.24,South,No
Metformin,MET-2024-004,ABC Pharma,2023-12-27,2024-12-26,1000,817,99,47.23,West,No
Ibuprofen,IBU-2025-005,Sunrise Biotech,2023-06-24,2025-06-23,5000,4287,684,32.68,West,No
Salbutamol,SAL-2023-007,CarePlus Inc,2024-09-19,2027-09-19,8000,6017,1000,88.73,North,Yes
Paracetamol,PAR-2023-006,MediCore Labs,2025-01-23,2028-01-23,3000,1126,293,28.04,Central,No
Cetirizine,CET-2024-003,PharmaPlus Ltd,2024-08-16,2025-08-16,2000,1329,170,23.1,South,Yes
Ciprofloxacin,CIP-2024-011,Sunrise Biotech,2024-12-08,2027-12-08,2000,1176,194,61.91,South,No
Metformin,MET-2024-005,Sunrise Biotech,2023-07-19,2024-07-18,10000,8464,1067,44.95,South,No
Cetirizine,CET-2024-004,ABC Pharma,2025-03-17,2027-03-17,8000,7393,710,23.12,East,No
Azithromycin,AZI-2023-009,PharmaPlus Ltd,2024-08-27,2027-08-27,5000,4565,697,52.28,East,No
Insulin,INS-2024-006,CarePlus Inc,2025-01-25,2028-01-25,1000,208,145,377.1,North,Yes
Ciprofloxacin,CIP-2024-012,MediCore Labs,2023-01-10,2024-07-03,2000,543,296,60.62,West,Yes
Azithromycin,AZI-2023-010,ABC Pharma,2023-02-13,2024-08-06,8000,7087,1001,44.6,Central,No
Amlodipine,AML-2025-007,CarePlus Inc,2024-11-12,2025-11-12,1000,206,116,37.62,East,Yes
Ibuprofen,IBU-2025-006,ABC Pharma,2022-06-22,2024-06-21,5000,1864,510,34.55,South,No
Omeprazole,OME-2023-009,Vitalis Pharma,2023-10-19,2024-10-18,5000,3568,507,49.86,Central,Yes
Amlodipine,AML-2023-008,Sunrise Biotech,2023-09-10,2026-09-09,3000,994,247,35.05,West,Yes
Metformin,MET-2023-006,ABC Pharma,2024-01-20,2025-01-19,2000,1093,188,45.19,West,No
Amoxicillin,AMO-2023-004,Sunrise Biotech,2024-01-26,2025-01-25,8000,4372,744,58.02,West,Yes
Amlodipine,AML-2025-009,MediCore Labs,2024-08-14,2025-08-14,2000,337,243,35.86,North,No
Insulin,INS-2024-007,CarePlus Inc,2024-03-05,2025-03-05,1000,895,103,305.81,West,Yes
Ciprofloxacin,CIP-2023-013,Sunrise Biotech,2024-07-15,2026-07-15,3000,1511,262,60.03,West,No
Metformin,MET-2023-007,Vitalis Pharma,2023-07-30,2026-07-29,3000,2294,304,45.65,West,No
Paracetamol,PAR-2023-007,Sunrise Biotech,2025-06-14,2028-06-13,2000,817,263,26.06,West,Yes
Amoxicillin,AMO-2023-005,PharmaPlus Ltd,2022-08-11,2025-08-10,1000,792,84,57.51,West,No
Atorvastatin,ATO-2024-003,Sunrise Biotech,2024-04-17,2025-04-17,3000,2241,384,94.18,East,No
Paracetamol,PAR-2025-008,ABC Pharma,2022-07-20,2024-01-11,1000,530,146,29.65,Central,Yes
Ibuprofen,IBU-2024-007,MediCore Labs,2025-03-13,2026-09-04,1000,792,131,34.4,West,No
Atorvastatin,ATO-2024-004,Sunrise Biotech,2024-12-30,2026-12-30,8000,1705,750,90.07,South,No
Cetirizine,CET-2025-005,ABC Pharma,2025-02-11,2027-02-11,2000,1868,283,26.32,North,No
Atorvastatin,ATO-2023-005,ABC Pharma,2024-10-10,2027-10-10,10000,9276,921,75.19,North,Yes
Atorvastatin,ATO-2025-006,Vitalis Pharma,2023-02-04,2025-02-03,3000,1120,296,78.1,South,No
Amoxicillin,AMO-2023-006,MediCore Labs,2023-10-16,2025-04-08,2000,750,287,57.39,West,No
Cetirizine,CET-2023-006,Vitalis Pharma,2025-05-13,2026-11-04,10000,7967,1257,26.34,East,No
Paracetamol,PAR-2023-009,PharmaPlus Ltd,2024-07-05,2025-07-05,3000,1008,250,27.0,West,No
Azithromycin,AZI-2025-011,MediCore Labs,2024-12-06,2026-12-06,10000,9065,874,48.55,East,No
Amoxicillin,AMO-2024-007,Sunrise Biotech,2023-03-17,2024-03-16,2000,1899,165,67.18,North,No
Paracetamol,PAR-2024-010,CarePlus Inc,2024-07-01,2025-12-23,8000,3198,753,28.46,East,Yes
Azithromycin,AZI-2023-012,PharmaPlus Ltd,2023-04-13,2024-04-12,10000,2809,1286,46.03,West,No
Amlodipine,AML-2024-010,ABC Pharma,2024-03-01,2026-03-01,5000,2415,702,41.96,East,No
Amlodipine,AML-2024-011,CarePlus Inc,2024-09-07,2026-03-01,1000,497,90,32.69,South,No
Cetirizine,CET-2024-007,PharmaPlus Ltd,2023-04-29,2024-10-20,1000,191,89,25.12,Central,Yes
Azithromycin,AZI-2025-013,Sunrise Biotech,2025-03-30,2026-09-21,2000,856,182,42.82,Central,No
Azithromycin,AZI-2024-014,MediCore Labs,2024-02-08,2025-08-01,1000,930,113,41.22,West,Yes
Azithromycin,AZI-2025-015,MediCore Labs,2023-08-29,2026-08-28,8000,6616,1104,42.97,Central,No
Paracetamol,PAR-2025-011,MediCore Labs,2024-07-25,2026-07-25,1000,269,147,28.62,West,No
Paracetamol,PAR-2025-012,ABC Pharma,2024-03-25,2025-03-25,5000,3148,592,27.2,Central,No
Amlodipine,AML-2024-012,Vitalis Pharma,2023-10-24,2026-10-23,5000,3385,556,36.1,West,No
Paracetamol,PAR-2024-013,PharmaPlus Ltd,2023-09-25,2026-09-24,8000,6191,896,23.85,Central,Yes
Cetirizine,CET-2023-008,MediCore Labs,2024-06-04,2027-06-04,3000,670,332,23.17,North,No
Paracetamol,PAR-2023-014,CarePlus Inc,2024-03-04,2025-03-04,1000,751,142,27.4,South,No
Paracetamol,PAR-2025-015,CarePlus Inc,2023-01-11,2024-07-04,2000,1870,228,29.67,North,No
Amlodipine,AML-2023-013,Sunrise Biotech,2023-10-30,2025-04-22,3000,2601,297,40.06,South,No
Ibuprofen,IBU-2024-008,MediCore Labs,2023-11-21,2025-05-14,3000,1343,281,30.63,Central,No
Amlodipine,AML-2024-014,MediCore Labs,2023-11-24,2024-11-23,8000,1510,1120,41.64,East,Yes
Ciprofloxacin,CIP-2025-014,CarePlus Inc,2023-01-01,2024-12-31,8000,5230,860,74.05,Central,No
Cetirizine,CET-2025-009,MediCore Labs,2024-06-07,2026-06-07,1000,503,92,24.71,East,No
Ibuprofen,IBU-2024-009,Sunrise Biotech,2024-03-02,2025-03-02,10000,1770,904,32.54,Central,Yes
Cetirizine,CET-2024-010,ABC Pharma,2023-02-26,2026-02-25,2000,1280,166,20.16,Central,No
Ibuprofen,IBU-2025-010,Sunrise Biotech,2025-05-29,2026-11-20,5000,3084,606,28.84,North,Yes
Insulin,INS-2023-008,MediCore Labs,2023-04-02,2026-04-01,1000,200,90,351.89,South,Yes
Ibuprofen,IBU-2024-011,ABC Pharma,2022-09-23,2024-09-22,8000,5331,888,35.43,West,Yes
Amoxicillin,AMO-2023-008,ABC Pharma,2022-10-05,2023-10-05,5000,1492,455,70.41,South,No
Paracetamol,PAR-2025-016,CarePlus Inc,2023-07-09,2024-12-30,5000,1548,612,26.3,Central,Yes
Atorvastatin,ATO-2025-007,Sunrise Biotech,2022-10-09,2024-10-08,10000,1887,1422,90.79,South,No
Cetirizine,CET-2025-011,PharmaPlus Ltd,2022-11-12,2025-11-11,2000,661,174,21.33,West,No
Azithromycin,AZI-2025-016,CarePlus Inc,2023-11-22,2024-11-21,3000,1976,382,49.76,East,No
Ibuprofen,IBU-2023-012,Vitalis Pharma,2022-07-02,2023-12-24,3000,2621,416,28.82,South,No
Salbutamol,SAL-2023-008,PharmaPlus Ltd,2024-04-03,2025-09-25,5000,4380,620,99.71,East,Yes
Amlodipine,AML-2024-015,PharmaPlus Ltd,2025-05-22,2026-05-22,1000,499,130,37.49,Central,No
Amoxicillin,AMO-2025-009,Vitalis Pharma,2022-11-07,2024-04-30,2000,352,175,65.2,West,No
Metformin,MET-2025-008,ABC Pharma,2022-08-03,2023-08-03,2000,1408,248,44.36,South,No
Azithromycin,AZI-2024-017,MediCore Labs,2025-05-29,2026-05-29,10000,9054,874,43.28,Central,No
Paracetamol,PAR-2025-017,ABC Pharma,2024-01-10,2027-01-09,1000,256,135,27.35,North,No
Metformin,MET-2024-009,Sunrise Biotech,2022-07-13,2024-07-12,3000,2682,250,45.12,East,No
Atorvastatin,ATO-2024-008,Sunrise Biotech,2022-08-03,2025-08-02,1000,499,134,80.32,Central,No
Ciprofloxacin,CIP-2023-015,CarePlus Inc,2022-12-04,2024-12-03,2000,997,233,64.12,Central,No
Paracetamol,PAR-2024-018,ABC Pharma,2025-03-03,2026-08-25,5000,3120,735,26.36,East,No
Ibuprofen,IBU-2025-013,MediCore Labs,2025-03-17,2026-09-08,1000,900,133,31.41,South,No
Amlodipine,AML-2024-016,ABC Pharma,2024-08-30,2027-08-30,10000,2189,1421,31.76,East,No
Ibuprofen,IBU-2024-014,Vitalis Pharma,2025-03-23,2026-09-14,5000,4679,620,35.5,East,No
Ciprofloxacin,CIP-2025-016,Vitalis Pharma,2022-08-09,2024-08-08,8000,3290,726,74.94,Central,No
Insulin,INS-2024-009,CarePlus Inc,2023-11-09,2025-05-02,2000,834,249,354.87,West,Yes
Ciprofloxacin,CIP-2024-017,Sunrise Biotech,2023-04-13,2024-10-04,2000,1457,244,65.3,South,No
Metformin,MET-2024-010,CarePlus Inc,2022-12-26,2024-06-18,10000,2313,1068,47.81,South,No
Salbutamol,SAL-2024-009,Sunrise Biotech,2023-07-07,2024-07-06,10000,8791,996,104.9,East,Yes
Omeprazole,OME-2023-010,PharmaPlus Ltd,2024-11-11,2026-05-05,8000,7477,805,49.86,North,No
Atorvastatin,ATO-2023-009,CarePlus Inc,2023-10-10,2026-10-09,10000,6091,1324,82.11,West,No
Amlodipine,AML-2023-017,CarePlus Inc,2023-06-07,2024-06-06,5000,2480,490,38.86,Central,Yes
Amoxicillin,AMO-2025-010,CarePlus Inc,2023-04-17,2025-04-16,5000,2680,406,69.45,West,No
Amlodipine,AML-2023-018,PharmaPlus Ltd,2025-02-28,2026-02-28,1000,350,95,39.02,East,No
Ciprofloxacin,CIP-2023-018,Vitalis Pharma,2024-12-22,2026-06-15,10000,5305,811,73.96,East,No
Ciprofloxacin,CIP-2024-019,CarePlus Inc,2024-12-22,2026-06-15,10000,2970,1159,76.69,East,No
Amlodipine,AML-2024-019,Sunrise Biotech,2024-07-22,2027-07-22,1000,160,109,35.92,North,No
Atorvastatin,ATO-2023-010,MediCore Labs,2024-02-12,2027-02-11,8000,7417,1196,95.06,East,Yes
Amoxicillin,AMO-2023-011,ABC Pharma,2023-07-01,2026-06-30,10000,5996,958,71.35,South,No
Amlodipine,AML-2024-020,Sunrise Biotech,2025-06-27,2026-12-19,5000,2168,697,34.31,West,Yes
Amlodipine,AML-2024-021,CarePlus Inc,2023-06-16,2026-06-15,1000,794,135,35.26,East,No
Metformin,MET-2024-011,PharmaPlus Ltd,2022-11-22,2024-11-21,2000,1785,279,36.68,West,No
Insulin,INS-2024-010,CarePlus Inc,2022-07-01,2023-07-01,2000,1822,251,312.0,Central,Yes
Azithromycin,AZI-2023-018,MediCore Labs,2023-06-16,2026-06-15,3000,2333,283,45.93,Central,No
Atorvastatin,ATO-2023-011,CarePlus Inc,2025-06-28,2027-06-28,2000,1091,189,73.89,Central,Yes
Amlodipine,AML-2025-022,ABC Pharma,2023-11-24,2026-11-23,2000,1623,226,37.35,North,Yes
Omeprazole,OME-2025-011,PharmaPlus Ltd,2023-10-18,2026-10-17,2000,1163,280,49.61,South,No
Omeprazole,OME-2024-012,CarePlus Inc,2024-01-29,2027-01-28,3000,1471,449,60.65,Central,No
Amlodipine,AML-2025-023,CarePlus Inc,2022-07-29,2023-07-29,8000,1493,1052,41.99,East,No
Ciprofloxacin,CIP-2024-020,MediCore Labs,2022-08-09,2024-01-31,10000,4824,888,60.34,West,No
Metformin,MET-2025-012,Vitalis Pharma,2023-08-06,2025-08-05,5000,2117,488,36.63,West,No
Ibuprofen,IBU-2024-015,PharmaPlus Ltd,2024-04-14,2026-04-14,8000,3406,753,31.43,East,No
Metformin,MET-2024-013,CarePlus Inc,2024-02-03,2025-07-27,8000,7425,689,47.96,South,Yes
Salbutamol,SAL-2024-010,Vitalis Pharma,2022-09-10,2025-09-09,3000,710,249,103.19,Central,Yes
Omeprazole,OME-2025-013,ABC Pharma,2025-03-22,2028-03-21,8000,2141,1017,60.87,Central,No
Amoxicillin,AMO-2025-012,CarePlus Inc,2024-12-24,2026-06-17,1000,680,140,61.59,North,No
Amlodipine,AML-2024-024,MediCore Labs,2024-02-24,2026-02-23,3000,893,247,31.71,North,No
Omeprazole,OME-2025-014,ABC Pharma,2023-01-30,2026-01-29,8000,5652,866,50.61,Central,Yes
Atorvastatin,ATO-2025-012,MediCore Labs,2025-01-29,2028-01-29,8000,1853,1000,77.09,Central,No
Amlodipine,AML-2024-025,ABC Pharma,2022-06-20,2023-06-20,1000,324,88,36.46,North,No
Salbutamol,SAL-2023-011,PharmaPlus Ltd,2023-06-19,2024-06-18,3000,2307,389,104.1,Central,Yes
Salbutamol,SAL-2024-012,CarePlus Inc,2025-03-17,2028-03-16,10000,8958,977,107.04,North,Yes
Salbutamol,SAL-2023-013,ABC Pharma,2022-07-01,2023-07-01,5000,1994,655,85.48,North,Yes
Omeprazole,OME-2023-015,Sunrise Biotech,2024-06-22,2027-06-22,5000,3457,450,62.66,Central,No
Amlodipine,AML-2025-026,PharmaPlus Ltd,2025-02-01,2028-02-01,5000,4529,674,37.45,South,No
Ibuprofen,IBU-2025-016,CarePlus Inc,2024-04-11,2025-04-11,2000,1261,203,30.86,North,No
Cetirizine,CET-2025-012,PharmaPlus Ltd,2023-09-23,2026-09-22,3000,2102,307,21.57,West,No
Atorvastatin,ATO-2024-013,MediCore Labs,2023-03-29,2025-03-28,8000,5581,1151,80.32,North,No
Ciprofloxacin,CIP-2024-021,PharmaPlus Ltd,2023-07-16,2025-01-06,3000,1906,382,67.57,Central,No
Ibuprofen,IBU-2023-017,PharmaPlus Ltd,2024-12-28,2025-12-28,8000,6362,1072,29.1,Central,No
Ciprofloxacin,CIP-2024-022,Vitalis Pharma,2023-07-19,2025-01-09,2000,607,185,72.17,East,No
Atorvastatin,ATO-2024-014,PharmaPlus Ltd,2025-04-25,2026-10-17,2000,371,299,80.98,Central,No
Metformin,MET-2023-014,MediCore Labs,2024-03-08,2025-03-08,3000,1123,367,37.13,West,No
Atorvastatin,ATO-2025-015,Vitalis Pharma,2023-08-12,2025-08-11,3000,1472,438,90.41,West,No
Ibuprofen,IBU-2024-018,MediCore Labs,2023-06-06,2026-06-05,1000,172,82,30.33,North,Yes
Omeprazole,OME-2025-016,CarePlus Inc,2024-08-22,2025-08-22,10000,9174,980,58.81,North,No
Amlodipine,AML-2024-027,MediCore Labs,2024-12-05,2026-05-29,3000,2767,448,33.83,Central,No
Ibuprofen,IBU-2023-019,Vitalis Pharma,2022-07-27,2023-07-27,3000,2337,389,32.82,East,Yes
Paracetamol,PAR-2023-019,Sunrise Biotech,2022-06-12,2023-12-04,10000,7485,1212,25.81,North,No
Omeprazole,OME-2024-017,Sunrise Biotech,2024-08-07,2025-08-07,3000,1605,275,53.43,East,No
Amlodipine,AML-2024-028,CarePlus Inc,2023-07-05,2024-07-04,2000,1784,190,41.31,North,No
Salbutamol,SAL-2024-014,ABC Pharma,2024-07-28,2025-07-28,10000,2101,1480,89.71,South,Yes
Amoxicillin,AMO-2023-013,CarePlus Inc,2024-06-19,2025-12-11,3000,981,251,66.85,West,No
Omeprazole,OME-2024-018,PharmaPlus Ltd,2024-09-21,2026-03-15,2000,340,239,54.39,South,No
Ibuprofen,IBU-2023-020,Sunrise Biotech,2024-12-21,2027-12-21,1000,272,115,32.68,West,No
Ciprofloxacin,CIP-2024-023,ABC Pharma,2023-11-10,2025-05-03,3000,1486,294,63.15,West,No
Azithromycin,AZI-2024-019,PharmaPlus Ltd,2023-04-29,2024-04-28,10000,9328,901,49.14,West,Yes
Ciprofloxacin,CIP-2025-024,MediCore Labs,2024-11-24,2025-11-24,8000,3032,841,59.29,East,Yes
Amoxicillin,AMO-2025-014,MediCore Labs,2023-03-10,2024-08-31,8000,6130,1038,57.54,East,No
Azithromycin,AZI-2025-020,PharmaPlus Ltd,2023-12-13,2025-06-05,2000,519,253,48.98,Central,No
Atorvastatin,ATO-2023-016,ABC Pharma,2022-10-13,2025-10-12,10000,8829,1162,80.34,East,No
Amlodipine,AML-2023-029,ABC Pharma,2024-09-16,2027-09-16,2000,1695,197,33.45,West,No
Paracetamol,PAR-2025-020,Sunrise Biotech,2022-06-10,2024-06-09,8000,7165,1182,23.04,South,No
Salbutamol,SAL-2024-015,CarePlus Inc,2024-07-21,2025-07-21,3000,2544,440,94.36,South,Yes
Ciprofloxacin,CIP-2025-025,Vitalis Pharma,2023-03-03,2024-03-02,2000,1847,191,62.06,North,No
Ibuprofen,IBU-2025-021,ABC Pharma,2022-07-10,2023-07-10,10000,7409,982,34.54,East,Yes
Ciprofloxacin,CIP-2025-026,PharmaPlus Ltd,2022-12-28,2024-12-27,1000,723,83,60.9,South,Yes
Atorvastatin,ATO-2024-017,ABC Pharma,2023-02-05,2024-02-05,5000,4287,589,77.46,Central,No
Insulin,INS-2024-011,CarePlus Inc,2024-08-21,2026-02-12,1000,900,107,328.37,Central,Yes
Atorvastatin,ATO-2023-018,PharmaPlus Ltd,2022-09-15,2024-09-14,3000,1411,416,89.17,Central,No
Cetirizine,CET-2023-013,Sunrise Biotech,2025-04-25,2026-10-17,10000,8974,974,22.59,Central,No
Metformin,MET-2025-015,MediCore Labs,2022-10-20,2024-10-19,5000,1553,634,38.71,North,Yes
Cetirizine,CET-2025-014,ABC Pharma,2022-08-22,2023-08-22,10000,6467,1442,23.91,West,No
Atorvastatin,ATO-2024-019,ABC Pharma,2025-05-01,2026-05-01,5000,1696,413,74.71,North,No
Amlodipine,AML-2023-030,ABC Pharma,2025-04-18,2027-04-18,1000,523,117,33.06,South,No
Ciprofloxacin,CIP-2024-027,PharmaPlus Ltd,2024-01-12,2026-01-11,2000,1477,263,64.1,South,Yes
Atorvastatin,ATO-2023-020,CarePlus Inc,2024-07-31,2026-01-22,8000,5746,898,85.15,Central,Yes
Omeprazole,OME-2023-019,MediCore Labs,2024-04-14,2025-10-06,2000,1119,213,59.16,East,No
Metformin,MET-2023-016,Sunrise Biotech,2024-03-28,2027-03-28,3000,1133,447,39.55,South,No
Insulin,INS-2023-012,Vitalis Pharma,2024-05-13,2027-05-13,10000,1996,1071,330.23,Central,Yes
Salbutamol,SAL-2025-016,MediCore Labs,2023-04-13,2026-04-12,3000,2053,269,86.47,North,Yes
Atorvastatin,ATO-2025-021,ABC Pharma,2025-01-29,2027-01-29,10000,7168,1440,75.05,East,No
Paracetamol,PAR-2025-021,Vitalis Pharma,2023-01-27,2026-01-26,5000,4600,600,25.63,West,No
Atorvastatin,ATO-2023-022,PharmaPlus Ltd,2024-12-13,2027-12-13,3000,2185,301,81.38,Central,Yes
Amlodipine,AML-2023-031,CarePlus Inc,2025-03-20,2028-03-19,5000,1950,587,39.93,East,Yes
Atorvastatin,ATO-2025-023,MediCore Labs,2022-11-28,2024-11-27,3000,2775,367,77.82,West,No
Amoxicillin,AMO-2023-015,ABC Pharma,2022-09-06,2024-09-05,8000,6933,807,63.66,West,No
Ciprofloxacin,CIP-2024-028,Vitalis Pharma,2025-04-25,2028-04-24,5000,2606,414,71.69,Central,Yes
Paracetamol,PAR-2025-022,MediCore Labs,2022-12-20,2025-12-19,3000,1652,376,29.46,North,No
Amoxicillin,AMO-2024-016,PharmaPlus Ltd,2024-11-18,2026-11-18,10000,5741,1371,57.07,West,No
Metformin,MET-2024-017,Vitalis Pharma,2023-05-26,2024-05-25,10000,8656,1282,45.85,North,Yes
Amlodipine,AML-2025-032,Sunrise Biotech,2025-04-13,2026-10-05,8000,6916,870,32.13,South,No
Metformin,MET-2025-018,CarePlus Inc,2022-08-26,2025-08-25,1000,780,101,44.29,Central,No
Ibuprofen,IBU-2023-022,Vitalis Pharma,2022-07-02,2023-07-02,2000,580,267,32.1,West,No
Atorvastatin,ATO-2024-024,Vitalis Pharma,2023-02-04,2024-07-28,2000,1129,231,72.7,South,No
Insulin,INS-2024-013,PharmaPlus Ltd,2024-10-29,2025-10-29,10000,1599,1339,318.99,Central,Yes
Salbutamol,SAL-2024-017,Sunrise Biotech,2023-05-13,2024-05-12,3000,1958,420,106.59,South,Yes
Azithromycin,AZI-2023-021,PharmaPlus Ltd,2024-07-29,2025-07-29,1000,326,107,50.81,East,No
Omeprazole,OME-2025-020,MediCore Labs,2023-10-24,2025-04-16,1000,277,121,52.36,North,No
Omeprazole,OME-2024-021,Vitalis Pharma,2023-10-30,2026-10-29,1000,344,107,61.35,East,No
Cetirizine,CET-2024-015,CarePlus Inc,2025-02-17,2026-02-17,2000,439,183,22.3,East,No
Ibuprofen,IBU-2025-023,Sunrise Biotech,2023-01-22,2025-01-21,8000,6777,828,32.86,West,No
Cetirizine,CET-2025-016,MediCore Labs,2024-08-02,2026-01-24,5000,1884,483,20.03,East,No
Metformin,MET-2023-019,CarePlus Inc,2023-02-21,2024-02-21,2000,731,276,37.53,South,Yes
Omeprazole,OME-2023-022,Sunrise Biotech,2024-05-23,2025-11-14,10000,4741,1240,59.08,South,No
Omeprazole,OME-2023-023,MediCore Labs,2024-12-14,2026-06-07,10000,9483,1217,56.77,Central,No
Ciprofloxacin,CIP-2024-029,Vitalis Pharma,2025-04-10,2026-10-02,2000,1695,177,68.5,South,No
Salbutamol,SAL-2023-018,CarePlus Inc,2023-03-25,2025-03-24,1000,461,86,85.78,West,Yes
Amoxicillin,AMO-2023-017,CarePlus Inc,2023-01-10,2024-01-10,8000,7048,1090,67.65,East,No
Azithromycin,AZI-2023-022,MediCore Labs,2024-01-12,2025-07-05,10000,4691,1049,51.9,East,Yes
Amlodipine,AML-2024-033,MediCore Labs,2022-07-31,2024-07-30,10000,7895,1283,40.92,South,No
Amlodipine,AML-2023-034,PharmaPlus Ltd,2024-05-22,2025-05-22,2000,766,197,37.89,West,No
