shipment_id,drug_name,batch_id,origin,destination,dispatch_time,delivery_time,latitude,longitude,status
SH001,Omeprazole,OME-2025-014,Nagpur,Bhopal,2025-01-10 20:15,2025-01-11 12:15,18.5779,86.5383,Delivered
SH002,Paracetamol,PAR-2023-019,Lucknow,Patna,2023-03-29 16:30,2023-03-29 23:30,20.0391,88.0437,Delivered
SH003,Amlodipine,AML-2025-003,Hyderabad,Hyderabad,2025-09-27 09:30,2025-09-28 17:30,16.2631,83.4049,Delivered
SH004,Ciprofloxacin,CIP-2024-011,Hyderabad,Pune,2025-08-06 10:00,,26.9789,82.4637,Delayed
SH005,Salbutamol,SAL-2024-015,Chennai,Pune,2024-08-12 08:30,2024-08-13 22:30,17.6395,81.4399,Delivered
SH006,Azithromycin,AZI-2025-013,Bhopal,Pune,2025-10-16 11:45,2025-10-18 00:45,24.6251,86.1226,Delivered
SH007,Atorvastatin,ATO-2024-013,Chandigarh,Kolkata,2023-05-10 14:30,2023-05-11 16:30,20.344,78.2568,Delivered
SH008,Amlodipine,AML-2025-002,Patna,Delhi,2025-05-26 19:00,2025-05-27 18:00,11.4014,75.3227,Delivered
SH009,Ciprofloxacin,CIP-2024-012,Pune,Chandigarh,2023-12-25 12:45,2023-12-26 23:45,24.5175,78.0955,Delivered
SH010,Ciprofloxacin,CIP-2024-006,Mysuru,Hyderabad,2023-05-17 09:30,,9.352,79.1113,Delayed
SH011,Cetirizine,CET-2023-013,Raipur,Lucknow,2025-06-24 15:45,2025-06-25 20:45,12.3857,84.1601,Delivered
SH012,Ciprofloxacin,CIP-2024-020,Mumbai,Chennai,2023-12-10 19:15,2023-12-12 07:15,10.5613,77.0217,Delivered
SH013,Metformin,MET-2024-005,Hyderabad,Mumbai,2024-06-14 17:45,,26.3734,83.8923,Delayed
SH014,Metformin,MET-2024-001,Hyderabad,Raipur,2023-02-24 20:15,2023-02-25 19:15,9.9237,83.3161,Delivered
SH015,Ibuprofen,IBU-2025-006,Bangalore,Patna,2024-06-13 07:00,2024-06-14 07:00,12.477,79.8238,Delivered
SH016,Cetirizine,CET-2025-016,Bhubaneswar,Ahmedabad,2024-10-01 13:00,,19.0262,79.9813,In Transit
SH017,Azithromycin,AZI-2024-001,Nagpur,Hyderabad,2025-04-04 14:15,2025-04-05 07:15,19.4103,85.6276,Delivered
SH018,Salbutamol,SAL-2023-005,Bangalore,Bhopal,2024-01-05 06:30,2024-01-06 13:30,15.6754,87.7723,Delivered
SH019,Atorvastatin,ATO-2025-015,Ahmedabad,Delhi,2024-09-24 12:45,2024-09-25 06:45,21.6676,86.6086,Delivered
SH020,Ciprofloxacin,CIP-2023-018,Patna,Bhubaneswar,2025-11-23 10:00,,17.7965,74.6399,In Transit
SH021,Ibuprofen,IBU-2025-016,Chandigarh,Bhopal,2024-10-02 15:15,2024-10-03 02:15,16.259,77.0213,Delivered
SH022,Paracetamol,PAR-2025-015,Lucknow,Lucknow,2023-01-27 13:15,2023-01-28 05:15,23.853,75.7188,Delivered
SH023,Metformin,MET-2023-019,Bangalore,Patna,2023-12-31 17:00,2024-01-01 01:00,15.2551,79.1866,Delivered
SH024,Atorvastatin,ATO-2024-014,Nagpur,Raipur,2025-07-24 16:15,2025-07-26 08:15,20.9607,88.3635,Delivered
SH025,Omeprazole,OME-2024-018,Bangalore,Lucknow,2024-12-19 17:30,,26.4292,85.3718,In Transit
SH026,Amlodipine,AML-2024-005,Bhubaneswar,Delhi,2025-07-12 11:45,2025-07-13 22:45,28.3067,87.0876,Delivered
SH027,Ciprofloxacin,CIP-2023-015,Bhopal,Mumbai,2024-06-24 15:30,2024-06-26 03:30,15.9726,78.1611,Delivered
SH028,Ibuprofen,IBU-2023-019,Kolkata,Lucknow,2023-03-13 19:45,,11.2996,86.842,In Transit
SH029,Ciprofloxacin,CIP-2024-012,Mumbai,Bangalore,2023-05-03 09:45,2023-05-03 14:45,8.1871,85.785,Delivered
SH030,Azithromycin,AZI-2023-022,Kolkata,Mumbai,2024-03-24 19:30,,20.8039,86.665,In Transit
SH031,Ibuprofen,IBU-2024-018,Delhi,Chennai,2024-01-01 20:30,2024-01-03 00:30,26.0522,74.0689,Delivered
SH032,Atorvastatin,ATO-2025-006,Mysuru,Mysuru,2024-09-11 15:45,,19.6883,84.007,In Transit
SH033,Omeprazole,OME-2023-022,Mysuru,Chennai,2025-09-15 17:45,,10.9064,87.0444,Delayed
SH034,Insulin,INS-2024-006,Delhi,Ahmedabad,2025-05-27 18:15,2025-05-27 22:15,16.0422,85.1089,Delivered
SH035,Cetirizine,CET-2023-001,Mumbai,Delhi,2025-03-18 18:00,2025-03-19 00:00,17.5639,78.9317,Delivered
SH036,Atorvastatin,ATO-2025-023,Ahmedabad,Lucknow,2024-08-14 20:45,,8.8471,79.9866,In Transit
SH037,Amlodipine,AML-2023-018,Patna,Delhi,2025-06-03 08:15,,18.4986,74.1927,In Transit
SH038,Atorvastatin,ATO-2025-006,Bangalore,Delhi,2024-08-26 16:00,,19.5133,82.3049,Delayed
SH039,Omeprazole,OME-2024-021,Patna,Delhi,2025-09-06 14:30,2025-09-07 23:30,16.1377,72.6221,Delivered
SH040,Atorvastatin,ATO-2023-020,Bhopal,Chennai,2025-11-11 09:00,2025-11-13 06:00,23.0787,83.2477,Delivered
SH041,Amlodipine,AML-2023-017,Bhopal,Raipur,2024-02-28 11:00,2024-02-28 20:00,22.9686,86.0957,Delivered
SH042,Ciprofloxacin,CIP-2024-011,Hyderabad,Chandigarh,2025-05-11 10:30,2025-05-11 23:30,18.1298,81.7198,Delivered
SH043,Metformin,MET-2025-015,Delhi,Bangalore,2023-03-18 06:00,,22.1955,82.0802,Delayed
SH044,Salbutamol,SAL-2025-003,Bhubaneswar,Pune,2025-01-23 15:15,2025-01-24 00:15,26.7139,85.895,Delivered
SH045,Atorvastatin,ATO-2025-001,Lucknow,Lucknow,2025-05-21 19:45,,11.6861,87.5839,In Transit
SH046,Amlodipine,AML-2024-004,Chennai,Bhubaneswar,2024-06-12 19:30,,14.6505,74.0155,In Transit
SH047,Amoxicillin,AMO-2023-008,Mysuru,Hyderabad,2023-05-21 18:15,2023-05-21 22:15,16.4545,72.8348,Delivered
SH048,Atorvastatin,ATO-2024-013,Chandigarh,Nagpur,2023-03-30 18:15,2023-03-31 19:15,24.2893,81.0123,Delivered
SH049,Atorvastatin,ATO-2025-021,Bhubaneswar,Chandigarh,2025-12-16 11:30,2025-12-16 19:30,19.0142,87.9503,Delivered
SH050,Amlodipine,AML-2024-015,Raipur,Bangalore,2025-11-04 16:15,2025-11-05 22:15,27.0936,80.8013,Delivered
SH051,Metformin,MET-2023-007,Ahmedabad,Delhi,2024-03-09 10:00,2024-03-10 06:00,16.8435,74.3933,Delivered
SH052,Ibuprofen,IBU-2024-001,Pune,Raipur,2024-10-23 17:30,2024-10-24 22:30,13.094,76.6141,Delivered
SH053,Cetirizine,CET-2024-010,Raipur,Delhi,2024-08-10 15:15,,9.4229,73.5869,In Transit
SH054,Ciprofloxacin,CIP-2024-011,Bangalore,Kolkata,2025-12-16 07:00,2025-12-16 15:00,15.4108,74.7757,Delivered
SH055,Ciprofloxacin,CIP-2024-023,Ahmedabad,Ahmedabad,2024-08-16 20:45,,26.4479,76.579,In Transit
SH056,Ciprofloxacin,CIP-2023-008,Patna,Ahmedabad,2024-08-19 13:00,2024-08-20 22:00,15.0181,85.8166,Delivered
SH057,Paracetamol,PAR-2025-002,Mumbai,Mumbai,2024-06-21 18:30,2024-06-23 16:30,14.8787,82.4982,Delivered
SH058,Paracetamol,PAR-2025-012,Bhopal,Delhi,2025-02-25 16:30,,13.3925,73.2305,In Transit
SH059,Atorvastatin,ATO-2025-023,Mumbai,Chandigarh,2023-09-18 16:00,2023-09-20 08:00,19.9651,73.4929,Delivered
SH060,Cetirizine,CET-2023-008,Chandigarh,Delhi,2025-06-02 11:15,2025-06-02 23:15,15.5722,84.2949,Delivered
SH061,Ciprofloxacin,CIP-2025-016,Bhopal,Patna,2023-04-25 19:15,2023-04-26 09:15,13.8482,78.5924,Delivered
SH062,Paracetamol,PAR-2025-016,Raipur,Chennai,2024-02-18 18:45,2024-02-19 21:45,12.9379,86.7859,Delivered
SH063,Amoxicillin,AMO-2025-002,Bangalore,Delhi,2025-10-07 12:30,,13.7777,80.0614,In Transit
SH064,Cetirizine,CET-2025-016,Kolkata,Chandigarh,2025-12-18 07:45,2025-12-18 18:45,17.9417,87.2694,Delivered
SH065,Salbutamol,SAL-2024-006,Pune,Mumbai,2023-08-31 09:00,2023-09-01 06:00,15.4034,80.0067,Delivered
SH066,Ciprofloxacin,CIP-2023-007,Mumbai,Bhopal,2025-11-12 09:45,,19.5389,86.4235,In Transit
SH067,Atorvastatin,ATO-2024-017,Bhopal,Chandigarh,2023-10-31 06:15,2023-11-01 19:15,11.4983,86.3346,Delivered
SH068,Cetirizine,CET-2024-002,Delhi,Chandigarh,2023-09-29 13:45,2023-09-30 01:45,9.5259,79.7482,Delivered
SH069,Amoxicillin,AMO-2025-009,Mumbai,Chandigarh,2023-12-06 18:30,,10.454,88.2469,In Transit
SH070,Atorvastatin,ATO-2024-008,Bhopal,Patna,2023-01-12 16:00,,17.6412,84.3473,Delayed
SH071,Salbutamol,SAL-2024-006,Pune,Chennai,2025-01-16 08:45,2025-01-17 08:45,23.1776,86.2171,Delivered
SH072,Amlodipine,AML-2025-023,Patna,Chennai,2023-01-05 15:45,2023-01-06 00:45,17.2123,86.1015,Delivered
SH073,Amlodipine,AML-2024-028,Delhi,Mumbai,2023-12-07 17:30,2023-12-09 10:30,12.0868,73.5597,Delivered
SH074,Amlodipine,AML-2023-017,Bhopal,Hyderabad,2024-02-09 09:00,2024-02-10 19:00,15.6611,86.1523,Delivered
SH075,Salbutamol,SAL-2023-005,Chennai,Ahmedabad,2024-02-18 09:45,2024-02-19 01:45,14.3527,85.0495,Delivered
SH076,Metformin,MET-2024-009,Bhubaneswar,Bangalore,2024-02-21 08:30,2024-02-22 14:30,21.7077,72.8673,Delivered
SH077,Amlodipine,AML-2023-029,Mumbai,Bangalore,2024-12-04 15:30,2024-12-06 09:30,17.3103,81.49,Delivered
SH078,Omeprazole,OME-2024-017,Kolkata,Pune,2024-12-08 14:00,2024-12-09 11:00,27.6851,74.8864,Delivered
SH079,Amlodipine,AML-2024-010,Kolkata,Raipur,2025-01-23 20:00,,12.8034,75.18,Delayed
SH080,Salbutamol,SAL-2023-013,Chandigarh,Pune,2023-05-26 16:15,2023-05-27 05:15,27.6171,76.803,Delivered
SH081,Ibuprofen,IBU-2024-015,Kolkata,Mumbai,2025-07-04 20:00,2025-07-05 01:00,26.5313,73.6286,Delivered
SH082,Omeprazole,OME-2025-003,Nagpur,Bangalore,2024-06-26 12:30,2024-06-28 10:30,21.395,80.7048,Delivered
SH083,Omeprazole,OME-2023-022,Chennai,Pune,2025-06-05 20:15,,9.5584,86.8607,Delayed
SH084,Metformin,MET-2023-014,Mumbai,Ahmedabad,2024-07-16 16:15,2024-07-17 22:15,15.5085,80.8818,Delivered
SH085,Ciprofloxacin,CIP-2025-026,Bangalore,Lucknow,2024-11-29 13:15,,14.7263,87.2219,In Transit
SH086,Metformin,MET-2023-016,Hyderabad,Ahmedabad,2024-09-28 13:30,2024-09-29 07:30,28.0533,73.9232,Delivered
SH087,Paracetamol,PAR-2025-002,Pune,Nagpur,2024-04-06 20:15,2024-04-07 23:15,23.073,78.2549,Delivered
SH088,Paracetamol,PAR-2025-017,Chandigarh,Mumbai,2024-08-24 16:15,,10.3185,80.6581,In Transit
SH089,Paracetamol,PAR-2025-011,Pune,Raipur,2024-10-12 13:45,2024-10-13 14:45,19.8277,78.1909,Delivered
SH090,Cetirizine,CET-2023-008,Chandigarh,Mumbai,2025-10-10 17:00,2025-10-12 16:00,21.8572,75.075,Delivered
SH091,Amoxicillin,AMO-2023-015,Ahmedabad,Chandigarh,2024-07-17 16:15,2024-07-19 12:15,13.0957,81.9748,Delivered
SH092,Omeprazole,OME-2024-002,Pune,Patna,2023-07-31 08:00,,17.3259,83.1541,Delayed
SH093,Insulin,INS-2023-001,Chennai,Delhi,2025-10-06 14:45,2025-10-08 05:45,13.585,73.6208,Delivered
SH094,Paracetamol,PAR-2024-005,Kolkata,Chennai,2023-09-22 08:15,2023-09-22 23:15,13.4352,83.8776,Delivered
SH095,Azithromycin,AZI-2025-015,Bhopal,Delhi,2023-11-21 20:00,,11.0466,77.8657,Delayed
SH096,Amlodipine,AML-2025-026,Hyderabad,Bhubaneswar,2025-09-02 17:45,2025-09-03 13:45,14.8268,87.3356,Delivered
SH097,Omeprazole,OME-2025-014,Nagpur,Bangalore,2023-06-08 15:00,2023-06-10 15:00,27.958,74.6082,Delivered
SH098,Paracetamol,PAR-2025-008,Nagpur,Patna,2023-09-09 08:15,2023-09-11 02:15,27.0439,81.466,Delivered
SH099,Amlodipine,AML-2023-017,Raipur,Mysuru,2023-12-21 10:00,,14.3833,73.6545,In Transit
SH100,Omeprazole,OME-2023-009,Bhopal,Lucknow,2024-01-04 09:45,2024-01-05 18:45,24.221,76.1999,Delivered
SH101,Atorvastatin,ATO-2025-023,Ahmedabad,Pune,2023-05-22 06:15,,12.4237,85.9391,In Transit
SH102,Omeprazole,OME-2023-019,Bhubaneswar,Mysuru,2025-09-30 14:30,2025-09-30 21:30,8.6335,84.0898,Delivered
SH103,Amoxicillin,AMO-2023-005,Pune,Bhopal,2024-10-17 17:45,2024-10-19 12:45,11.9429,75.4431,Delivered
SH104,Amlodipine,AML-2024-021,Kolkata,Kolkata,2023-08-18 09:45,2023-08-19 10:45,24.9533,83.9605,Delivered
SH105,Omeprazole,OME-2024-021,Bhubaneswar,Bhubaneswar,2025-04-17 17:30,2025-04-18 00:30,23.8799,77.548,Delivered
SH106,Ibuprofen,IBU-2025-016,Chandigarh,Lucknow,2024-08-10 08:15,2024-08-12 04:15,25.9843,79.8881,Delivered
SH107,Insulin,INS-2023-008,Bangalore,Patna,2025-04-06 14:30,2025-04-08 13:30,22.6846,80.9682,Delivered
SH108,Omeprazole,OME-2023-009,Raipur,Delhi,2024-09-02 12:45,,9.3676,85.3564,Delayed
SH109,Salbutamol,SAL-2024-014,Mysuru,Hyderabad,2025-03-29 17:45,2025-03-30 20:45,18.9671,84.9761,Delivered
SH110,Amoxicillin,AMO-2023-005,Ahmedabad,Kolkata,2023-04-18 18:45,2023-04-19 03:45,21.0546,76.9575,Delivered
SH111,Ciprofloxacin,CIP-2024-021,Bhopal,Bhopal,2024-11-04 16:00,2024-11-05 15:00,21.4813,86.1388,Delivered
SH112,Paracetamol,PAR-2025-021,Pune,Patna,2023-07-21 08:45,2023-07-23 08:45,9.9278,87.9164,Delivered
SH113,Ibuprofen,IBU-2025-005,Pune,Lucknow,2023-11-09 14:00,,9.4481,75.1237,Delayed
SH114,Amoxicillin,AMO-2025-002,Mysuru,Bhopal,2025-06-21 08:45,2025-06-22 15:45,22.512,78.2989,Delivered
SH115,Amlodipine,AML-2023-008,Ahmedabad,Mumbai,2023-12-12 10:45,2023-12-13 20:45,12.6427,75.4593,Delivered
SH116,Cetirizine,CET-2025-009,Bhubaneswar,Ahmedabad,2024-12-30 17:15,,26.768,80.3567,Delayed
SH117,Atorvastatin,ATO-2024-017,Bhopal,Kolkata,2023-06-15 14:45,2023-06-17 14:45,11.0447,86.1724,Delivered
SH118,Azithromycin,AZI-2023-018,Bhopal,Patna,2025-07-17 19:30,2025-07-19 18:30,11.8442,79.1947,Delivered
SH119,Paracetamol,PAR-2025-004,Lucknow,Hyderabad,2023-11-16 18:30,2023-11-18 12:30,8.8069,73.1004,Delivered
SH120,Ciprofloxacin,CIP-2025-014,Nagpur,Hyderabad,2024-01-10 10:30,2024-01-12 05:30,15.2341,78.5519,Delivered
SH121,Paracetamol,PAR-2025-004,Delhi,Mysuru,2025-12-19 16:15,2025-12-21 13:15,24.4856,88.3503,Delivered
SH122,Ciprofloxacin,CIP-2024-006,Chennai,Hyderabad,2023-09-17 14:30,2023-09-18 18:30,16.9584,77.4138,Delivered
SH123,Paracetamol,PAR-2023-009,Ahmedabad,Nagpur,2025-06-13 19:00,2025-06-14 21:00,26.3657,75.2625,Delivered
SH124,Ibuprofen,IBU-2025-016,Lucknow,Bangalore,2025-01-16 13:30,2025-01-17 23:30,24.0496,85.0158,Delivered
SH125,Paracetamol,PAR-2025-021,Pune,Kolkata,2023-06-07 07:00,2023-06-08 07:00,26.1756,86.9487,Delivered
SH126,Paracetamol,PAR-2024-001,Chandigarh,Bangalore,2023-11-11 07:45,,12.068,79.8931,In Transit
SH127,Atorvastatin,ATO-2023-016,Bhubaneswar,Bhubaneswar,2023-11-14 16:45,2023-11-15 16:45,26.4431,84.2398,Delivered
SH128,Ciprofloxacin,CIP-2023-009,Bangalore,Patna,2023-05-31 19:00,2023-06-02 05:00,17.1458,72.6889,Delivered
SH129,Ciprofloxacin,CIP-2024-019,Kolkata,Chennai,2025-06-25 14:30,,22.266,74.4977,Delayed
SH130,Azithromycin,AZI-2023-018,Nagpur,Lucknow,2025-01-18 12:00,,16.801,73.9774,Delayed
SH131,Salbutamol,SAL-2023-018,Ahmedabad,Patna,2024-03-24 07:15,2024-03-26 01:15,24.4353,76.0041,Delivered
SH132,Salbutamol,SAL-2023-007,Delhi,Pune,2025-08-11 17:00,2025-08-12 23:00,12.1353,77.3282,Delivered
SH133,Ibuprofen,IBU-2024-002,Raipur,Bhopal,2024-05-18 14:00,,25.8611,82.1778,In Transit
SH134,Amoxicillin,AMO-2023-011,Chennai,Bhopal,2023-07-18 20:00,2023-07-20 12:00,15.4151,87.2837,Delivered
SH135,Salbutamol,SAL-2025-001,Kolkata,Raipur,2025-11-29 20:15,2025-12-01 08:15,17.4793,74.971,Delivered
SH136,Omeprazole,OME-2024-021,Kolkata,Mysuru,2023-11-30 12:15,2023-12-02 06:15,22.0952,82.1665,Delivered
SH137,Amlodipine,AML-2024-010,Kolkata,Ahmedabad,2025-12-04 13:00,2025-12-04 22:00,23.8631,85.343,Delivered
SH138,Ciprofloxacin,CIP-2024-029,Chennai,Hyderabad,2025-08-06 14:15,2025-08-07 08:15,20.3599,86.9662,Delivered
SH139,Metformin,MET-2025-002,Patna,Raipur,2025-02-15 17:45,,22.5668,76.8606,In Transit
SH140,Ibuprofen,IBU-2023-022,Mumbai,Nagpur,2023-01-01 13:00,,26.4025,81.4492,In Transit
SH141,Insulin,INS-2024-009,Pune,Mysuru,2024-05-02 16:15,2024-05-04 06:15,14.889,84.7653,Delivered
SH142,Ibuprofen,IBU-2023-012,Chennai,Chennai,2023-07-29 11:45,,14.3558,82.6599,In Transit
SH143,Paracetamol,PAR-2025-020,Chennai,Delhi,2023-11-20 07:30,,16.5616,85.9389,Delayed
SH144,Atorvastatin,ATO-2023-022,Nagpur,Pune,2025-08-11 14:15,2025-08-13 00:15,20.1353,74.8144,Delivered
SH145,Atorvastatin,ATO-2025-012,Bhopal,Hyderabad,2025-08-13 07:45,2025-08-13 17:45,15.2589,79.3027,Delivered
SH146,Salbutamol,SAL-2023-005,Chennai,Pune,2023-07-18 06:45,2023-07-19 08:45,18.4326,83.8961,Delivered
SH147,Omeprazole,OME-2023-001,Bhubaneswar,Ahmedabad,2024-09-27 08:00,,10.979,78.3536,In Transit
SH148,Atorvastatin,ATO-2025-012,Raipur,Patna,2025-05-21 11:15,2025-05-23 02:15,19.3141,82.9143,Delivered
SH149,Azithromycin,AZI-2025-016,Kolkata,Delhi,2024-10-02 11:45,2024-10-03 19:45,18.1618,78.3152,Delivered
SH150,Insulin,INS-2023-001,Hyderabad,Patna,2025-06-07 07:30,2025-06-08 03:30,15.9359,82.2464,Delivered
SH151,Ciprofloxacin,CIP-2024-017,Hyderabad,Chandigarh,2023-06-20 11:00,,26.271,77.107,In Transit
SH152,Salbutamol,SAL-2024-002,Ahmedabad,Mysuru,2024-08-10 07:15,2024-08-11 00:15,9.2193,85.3892,Delivered
SH153,Insulin,INS-2024-010,Bhopal,Kolkata,2023-01-15 12:30,2023-01-15 23:30,23.0351,84.0222,Delivered
SH154,Paracetamol,PAR-2025-003,Patna,Bangalore,2025-02-03 12:15,,23.335,86.2377,In Transit
SH155,Cetirizine,CET-2024-004,Kolkata,Ahmedabad,2025-06-16 15:15,2025-06-17 14:15,8.781,73.3951,Delivered
SH156,Amoxicillin,AMO-2023-006,Mumbai,Chandigarh,2024-04-05 07:45,2024-04-05 21:45,10.1958,75.6592,Delivered
SH157,Paracetamol,PAR-2024-005,Bhubaneswar,Bangalore,2024-04-29 11:45,2024-04-30 17:45,13.1929,76.2223,Delivered
SH158,Ciprofloxacin,CIP-2024-027,Chennai,Chennai,2024-06-15 18:30,,23.1121,73.443,Delayed
SH159,Metformin,MET-2024-009,Patna,Bhopal,2024-03-26 14:00,2024-03-27 22:00,16.9994,72.8682,Delivered
SH160,Atorvastatin,ATO-2025-006,Mysuru,Patna,2023-07-05 19:00,2023-07-07 10:00,18.5891,80.4481,Delivered
SH161,Salbutamol,SAL-2023-011,Bhopal,Ahmedabad,2024-05-14 06:00,,16.4891,83.2091,Delayed
SH162,Atorvastatin,ATO-2025-012,Raipur,Ahmedabad,2025-08-26 11:45,2025-08-28 04:45,27.0433,82.3431,Delivered
SH163,Ciprofloxacin,CIP-2023-008,Kolkata,Pune,2024-09-27 18:00,,22.1042,77.5924,Delayed
SH164,Cetirizine,CET-2025-011,Ahmedabad,Bhubaneswar,2023-11-21 15:45,,25.5984,88.3202,In Transit
SH165,Salbutamol,SAL-2024-015,Chennai,Chandigarh,2024-09-01 15:45,2024-09-02 13:45,20.0237,79.3365,Delivered
SH166,Azithromycin,AZI-2025-015,Raipur,Delhi,2023-12-12 12:30,2023-12-12 23:30,20.426,79.4659,Delivered
SH167,Amlodipine,AML-2023-008,Mumbai,Patna,2024-12-12 16:30,2024-12-13 02:30,8.7316,85.8492,Delivered
SH168,Azithromycin,AZI-2024-005,Mumbai,Hyderabad,2023-05-23 18:30,,26.8588,87.5893,Delayed
SH169,Ciprofloxacin,CIP-2024-011,Hyderabad,Pune,2025-11-02 19:30,2025-11-04 00:30,22.0103,83.6579,Delivered
SH170,Paracetamol,PAR-2024-005,Patna,Delhi,2024-09-01 10:00,2024-09-03 04:00,28.2598,81.1552,Delivered
SH171,Amlodipine,AML-2024-004,Hyderabad,Mysuru,2024-04-21 10:00,2024-04-22 18:00,17.7972,73.8902,Delivered
SH172,Metformin,MET-2024-005,Mysuru,Mysuru,2023-08-29 17:30,2023-08-30 18:30,25.2177,82.2402,Delivered
SH173,Paracetamol,PAR-2025-021,Ahmedabad,Delhi,2025-11-16 10:30,,11.3578,87.3786,In Transit
SH174,Paracetamol,PAR-2023-009,Pune,Hyderabad,2024-08-05 09:15,2024-08-07 04:15,14.1898,88.3967,Delivered
SH175,Atorvastatin,ATO-2025-007,Mysuru,Mumbai,2023-04-11 12:45,2023-04-12 12:45,21.9809,84.4156,Delivered
SH176,Metformin,MET-2023-019,Mysuru,Ahmedabad,2023-06-01 20:30,2023-06-02 10:30,18.6735,74.4158,Delivered
SH177,Azithromycin,AZI-2025-008,Chennai,Mumbai,2025-05-10 13:45,,19.546,74.0826,In Transit
SH178,Metformin,MET-2023-006,Pune,Bhopal,2024-07-13 20:00,2024-07-14 23:00,15.784,74.2958,Delivered
SH179,Omeprazole,OME-2023-009,Raipur,Pune,2024-04-05 12:15,,23.7943,77.5854,In Transit
SH180,Ibuprofen,IBU-2024-011,Pune,Chandigarh,2024-01-14 15:30,,27.4627,82.6443,Delayed
SH181,Salbutamol,SAL-2025-001,Bhubaneswar,Chennai,2025-10-04 09:30,,27.8694,76.4075,Delayed
SH182,Salbutamol,SAL-2023-013,Chandigarh,Delhi,2023-02-23 14:00,2023-02-24 07:00,18.5558,83.1013,Delivered
SH183,Cetirizine,CET-2023-006,Patna,Chandigarh,2025-06-07 09:00,2025-06-08 06:00,9.0094,79.3247,Delivered
SH184,Azithromycin,AZI-2025-020,Raipur,Patna,2023-12-22 14:45,2023-12-23 16:45,26.5019,81.9321,Delivered
SH185,Cetirizine,CET-2025-012,Ahmedabad,Delhi,2024-03-24 20:15,,12.3167,74.446,Delayed
SH186,Omeprazole,OME-2023-015,Nagpur,Raipur,2025-07-20 12:00,,20.2295,83.6629,In Transit
SH187,Insulin,INS-2023-004,Patna,Chandigarh,2024-05-13 08:45,2024-05-14 11:45,25.8517,72.8532,Delivered
SH188,Salbutamol,SAL-2023-005,Mysuru,Lucknow,2024-08-09 08:30,2024-08-10 11:30,19.3009,78.244,Delivered
SH189,Cetirizine,CET-2025-012,Ahmedabad,Kolkata,2024-03-07 08:15,2024-03-07 21:15,10.2631,85.2496,Delivered
SH190,Amlodipine,AML-2023-017,Nagpur,Bangalore,2024-03-19 13:45,2024-03-20 22:45,19.1435,72.7419,Delivered
SH191,Insulin,INS-2023-008,Mysuru,Chennai,2023-11-30 20:00,2023-12-01 15:00,26.3548,78.2186,Delivered
SH192,Ciprofloxacin,CIP-2023-002,Lucknow,Pune,2025-08-23 11:45,2025-08-23 17:45,12.5576,83.2201,Delivered
SH193,Omeprazole,OME-2024-021,Patna,Mumbai,2023-12-07 15:15,2023-12-08 07:15,9.4248,73.8147,Delivered
SH194,Insulin,INS-2023-001,Hyderabad,Lucknow,2024-04-25 12:30,2024-04-25 20:30,18.4994,87.486,Delivered
SH195,Azithromycin,AZI-2024-017,Bhopal,Hyderabad,2025-09-16 11:00,2025-09-17 23:00,16.7913,75.1554,Delivered
SH196,Amlodipine,AML-2024-020,Mumbai,Ahmedabad,2025-12-09 17:15,2025-12-11 13:15,24.1987,77.0585,Delivered
SH197,Omeprazole,OME-2025-020,Delhi,Kolkata,2025-04-09 17:15,2025-04-11 05:15,16.2908,76.1628,Delivered
SH198,Metformin,MET-2024-005,Hyderabad,Ahmedabad,2024-03-07 07:15,,8.0732,76.0636,In Transit
SH199,Metformin,MET-2024-017,Delhi,Chandigarh,2023-07-09 14:30,2023-07-10 17:30,14.8669,76.7594,Delivered
SH200,Cetirizine,CET-2024-007,Bhopal,Kolkata,2024-06-12 12:45,,11.1925,73.6273,Delayed
SH201,Ciprofloxacin,CIP-2025-024,Bhubaneswar,Bangalore,2025-06-07 14:45,,11.9774,83.2172,In Transit
SH202,Ibuprofen,IBU-2024-007,Pune,Nagpur,2025-04-14 20:45,2025-04-15 08:45,10.8966,80.2388,Delivered
SH203,Atorvastatin,ATO-2023-005,Lucknow,Delhi,2025-08-02 17:00,2025-08-03 01:00,10.3142,77.6526,Delivered
SH204,Insulin,INS-2024-003,Patna,Hyderabad,2025-06-06 08:30,,22.6004,76.9308,In Transit
SH205,Azithromycin,AZI-2024-017,Bhopal,Mumbai,2025-07-01 07:45,2025-07-02 02:45,21.053,74.986,Delivered
SH206,Azithromycin,AZI-2024-014,Mumbai,Chandigarh,2024-05-12 16:15,2024-05-12 20:15,11.1366,86.4857,Delivered
SH207,Amoxicillin,AMO-2023-006,Ahmedabad,Bhubaneswar,2025-01-10 16:15,2025-01-11 15:15,18.6341,80.2275,Delivered
SH208,Azithromycin,AZI-2023-010,Nagpur,Hyderabad,2024-07-19 14:15,,13.6871,80.5462,Delayed
SH209,Ibuprofen,IBU-2025-016,Chandigarh,Chandigarh,2025-03-17 15:15,2025-03-17 21:15,18.9025,76.9126,Delivered
SH210,Amoxicillin,AMO-2025-014,Bhubaneswar,Ahmedabad,2024-07-09 09:45,2024-07-10 23:45,13.9531,78.9324,Delivered
SH211,Metformin,MET-2023-014,Pune,Chandigarh,2024-08-19 17:15,,25.674,83.848,In Transit
SH212,Azithromycin,AZI-2023-006,Bangalore,Bhubaneswar,2025-09-25 09:15,2025-09-26 16:15,21.4191,83.3187,Delivered
SH213,Ibuprofen,IBU-2023-022,Ahmedabad,Kolkata,2023-03-11 14:00,,15.3926,73.0178,Delayed
SH214,Amlodipine,AML-2025-022,Lucknow,Nagpur,2024-07-15 11:30,2024-07-16 21:30,10.2256,85.2306,Delivered
SH215,Azithromycin,AZI-2025-003,Chandigarh,Bangalore,2025-09-05 09:30,2025-09-06 20:30,8.8862,74.5982,Delivered
SH216,Insulin,INS-2024-010,Nagpur,Pune,2023-04-18 08:30,2023-04-18 21:30,27.9711,75.4339,Delivered
SH217,Amlodipine,AML-2024-028,Chandigarh,Kolkata,2024-06-14 19:15,2024-06-15 20:15,8.7524,75.269,Delivered
SH218,Ciprofloxacin,CIP-2025-025,Chandigarh,Mumbai,2023-05-19 18:30,,10.4464,86.9446,In Transit
SH219,Amlodipine,AML-2024-004,Mysuru,Raipur,2024-04-27 06:45,2024-04-28 10:45,11.8099,85.0133,Delivered
SH220,Ibuprofen,IBU-2024-001,Mumbai,Bhubaneswar,2025-04-11 08:00,,22.6892,75.8097,Delayed
SH221,Ibuprofen,IBU-2025-013,Chennai,Nagpur,2025-05-06 09:15,2025-05-07 03:15,17.6614,84.8562,Delivered
SH222,Paracetamol,PAR-2025-003,Kolkata,Lucknow,2025-05-04 14:00,,17.4345,76.2979,In Transit
SH223,Amoxicillin,AMO-2024-016,Pune,Bhubaneswar,2024-11-25 20:15,2024-11-26 07:15,14.8046,78.8911,Delivered
SH224,Salbutamol,SAL-2024-010,Bhopal,Pune,2024-08-24 09:45,2024-08-26 05:45,8.7782,85.2424,Delivered
SH225,Omeprazole,OME-2023-023,Nagpur,Patna,2025-08-16 13:00,,21.5994,79.8911,Delayed
SH226,Salbutamol,SAL-2024-014,Chennai,Raipur,2025-03-25 14:45,2025-03-26 04:45,24.3927,74.1737,Delivered
SH227,Cetirizine,CET-2025-011,Mumbai,Pune,2025-08-03 19:15,2025-08-05 19:15,8.0439,73.9961,Delivered
SH228,Insulin,INS-2023-012,Nagpur,Bangalore,2025-07-29 12:45,2025-07-30 10:45,26.8419,78.0655,Delivered
SH229,Amlodipine,AML-2024-004,Bangalore,Mysuru,2023-12-04 11:30,2023-12-06 01:30,12.2951,86.5417,Delivered
SH230,Azithromycin,AZI-2025-020,Raipur,Patna,2024-09-18 10:00,2024-09-20 05:00,27.5821,78.4101,Delivered
SH231,Insulin,INS-2024-007,Ahmedabad,Patna,2025-01-27 11:15,2025-01-28 12:15,21.8169,74.323,Delivered
SH232,Azithromycin,AZI-2025-013,Bhopal,Pune,2025-07-21 12:00,,28.4684,75.6633,Delayed
SH233,Ciprofloxacin,CIP-2024-012,Pune,Pune,2023-10-01 09:15,2023-10-02 18:15,11.3742,87.1696,Delivered
SH234,Ciprofloxacin,CIP-2023-018,Kolkata,Chandigarh,2025-04-13 20:30,,16.2305,73.1748,Delayed
SH235,Amlodipine,AML-2024-025,Delhi,Ahmedabad,2023-02-14 07:15,,11.8178,85.4802,Delayed
SH236,Metformin,MET-2023-016,Chennai,Hyderabad,2025-01-19 14:15,2025-01-21 00:15,23.0206,74.2803,Delivered
SH237,Ibuprofen,IBU-2023-019,Bhubaneswar,Patna,2023-02-21 14:15,,17.0717,85.7824,Delayed
SH238,Paracetamol,PAR-2025-016,Nagpur,Mysuru,2024-10-10 14:15,,21.3829,74.2039,Delayed
SH239,Azithromycin,AZI-2025-011,Kolkata,Raipur,2025-11-23 14:15,,24.5313,73.6234,Delayed
SH240,Cetirizine,CET-2023-013,Bhopal,Lucknow,2025-12-08 09:45,,25.019,83.5157,Delayed
SH241,Ciprofloxacin,CIP-2024-023,Mumbai,Chennai,2024-09-26 20:30,2024-09-28 14:30,8.5337,77.8852,Delivered
SH242,Salbutamol,SAL-2023-008,Kolkata,Lucknow,2024-08-04 06:15,2024-08-06 06:15,13.9979,76.9599,Delivered
SH243,Salbutamol,SAL-2024-015,Chennai,Chandigarh,2025-05-25 18:30,2025-05-27 09:30,26.9932,85.4711,Delivered
SH244,Ciprofloxacin,CIP-2023-007,Mumbai,Bhubaneswar,2023-07-10 20:45,,20.3137,86.6341,In Transit
SH245,Salbutamol,SAL-2023-011,Nagpur,Nagpur,2024-02-07 19:15,,13.7639,84.4176,Delayed
SH246,Amlodipine,AML-2024-027,Bhopal,Hyderabad,2025-06-25 06:15,2025-06-25 16:15,12.454,87.7649,Delivered
SH247,Paracetamol,PAR-2023-014,Hyderabad,Ahmedabad,2024-11-07 06:30,2024-11-08 11:30,12.2996,78.059,Delivered
SH248,Atorvastatin,ATO-2024-008,Bhopal,Ahmedabad,2025-02-21 08:45,2025-02-21 23:45,17.6726,80.6089,Delivered
SH249,Cetirizine,CET-2025-016,Bhubaneswar,Bangalore,2025-04-29 10:30,,10.4844,77.0104,Delayed
SH250,Metformin,MET-2024-004,Mumbai,Nagpur,2024-08-06 18:00,,13.2054,85.7914,Delayed
SH251,Paracetamol,PAR-2023-007,Ahmedabad,Raipur,2025-11-21 20:15,2025-11-23 20:15,23.9332,77.1729,Delivered
SH252,Insulin,INS-2024-010,Nagpur,Pune,2023-06-22 17:45,2023-06-23 09:45,25.3784,74.9981,Delivered
SH253,Ciprofloxacin,CIP-2024-029,Chennai,Nagpur,2025-08-01 16:45,2025-08-02 20:45,13.6905,74.0961,Delivered
SH254,Amoxicillin,AMO-2024-016,Mumbai,Bhopal,2025-07-19 15:15,2025-07-20 23:15,21.2387,80.2783,Delivered
SH255,Ibuprofen,IBU-2023-019,Kolkata,Chandigarh,2023-01-10 20:00,2023-01-12 10:00,16.9245,86.1002,Delivered
SH256,Ciprofloxacin,CIP-2025-004,Chennai,Raipur,2023-06-26 16:30,2023-06-27 19:30,10.1382,85.4106,Delivered
SH257,Omeprazole,OME-2023-015,Raipur,Hyderabad,2024-11-26 10:00,2024-11-26 17:00,25.1978,86.4265,Delivered
SH258,Amoxicillin,AMO-2023-004,Mumbai,Chennai,2024-03-09 10:30,2024-03-09 19:30,13.3893,75.4182,Delivered
SH259,Cetirizine,CET-2024-007,Nagpur,Kolkata,2024-05-13 09:45,2024-05-13 20:45,23.4643,86.3137,Delivered
SH260,Insulin,INS-2023-005,Patna,Kolkata,2024-10-24 17:45,2024-10-24 22:45,28.4139,75.8442,Delivered
